id,first_name,last_name,email,gender
1,Morrie,Kennin,mkennion0@wikimedia.org,Male
2,Maxine,Gwatkins,mgwatkins1@va.gov,Female
3,Cherey,Kovelmann,ckovelmann2@fda.gov,Female
4,Axel,Olland,aolland3@google.co.uk,Male
5,Cyndia,Della,cdella4@yandex.ru,Female
6,Eleni,Kaygill,ekaygill5@hc360.com,Female
7,Hildegarde,Rubartelli,hrubartelli6@columbia.edu,Female
8,Zacharie,Edsell,zedsell7@ox.ac.uk,Male
9,Del,Ketley,dketley8@google.nl,Genderfluid
10,Amanda,Grigoriev,agrigoriev9@delicious.com,Female
11,Hermione,Goshawk,hgoshawka@quantcast.com,Female
12,Humphrey,Bwye,hbwyeb@wordpress.com,Male
13,Riley,Gatchell,rgatchellc@samsung.com,Male
14,Thorn,Sowle,tsowled@dyndns.org,Male
15,Hobie,Volage,hvolagee@redcross.org,Male
16,Sharia,Chowne,schownef@squidoo.com,Female
17,Eddy,Mariel,emarielg@ebay.com,Male
18,Carmella,Alvey,calveyh@purevolume.com,Female
19,Karissa,Coche,kcochei@un.org,Female
20,Josie,McSkeagan,jmcskeaganj@epa.gov,Female
21,Monica,Beseke,mbesekek@nih.gov,Female
22,Nixie,Edwin,nedwinl@hhs.gov,Female
23,Howey,Blacker,hblackerm@goodreads.com,Male
24,Ardyth,Roycroft,aroycroftn@google.co.uk,Female
25,Errick,Janz,ejanzo@berkeley.edu,Male
26,Nedi,Kobierski,nkobierskip@ask.com,Genderfluid
27,Chickie,Braxay,cbraxayq@foxnews.com,Male
28,Granville,Channing,gchanningr@engadget.com,Male
29,Inger,Crips,icripss@nature.com,Male
30,Sinclair,Reynalds,sreynaldst@theguardian.com,Male
31,Nike,Espinos,nespinosu@intel.com,Female
32,Nell,Withams,nwithamsv@hp.com,Female
33,Ricca,Perritt,rperrittw@bizjournals.com,Female
34,Elnar,Farherty,efarhertyx@dion.ne.jp,Male
35,Hedvig,Belden,hbeldeny@mashable.com,Female
36,Shanda,Fernyhough,sfernyhoughz@time.com,Female
37,Simona,Lorrie,slorrie10@google.fr,Female
38,Nikki,Stot,nstot11@naver.com,Polygender
39,Maurizia,Ropcke,mropcke12@smh.com.au,Bigender
40,Helen-elizabeth,Bramstom,hbramstom13@tripod.com,Female
41,Claudelle,Scannell,cscannell14@ox.ac.uk,Female
42,Blakeley,Trustie,btrustie15@ucoz.com,Female
43,Winona,Saltsberg,wsaltsberg16@parallels.com,Female
44,Carlie,Goodhand,cgoodhand17@thetimes.co.uk,Male
45,Tami,Pomphrey,tpomphrey18@bbc.co.uk,Female
46,Marcellina,Cleworth,mcleworth19@arstechnica.com,Female
47,Markus,Smitheram,msmitheram1a@1688.com,Male
48,Craggy,Leijs,cleijs1b@4shared.com,Male
49,Brantley,Dunklee,bdunklee1c@printfriendly.com,Male
50,Armando,Wintle,awintle1d@technorati.com,Male
51,Jenni,Rickson,jrickson1e@soundcloud.com,Female
52,Amalea,Beasleigh,abeasleigh1f@photobucket.com,Agender
53,Kaia,Peyto,kpeyto1g@google.de,Female
54,Cody,Dickings,cdickings1h@ebay.co.uk,Male
55,Ashla,Sellar,asellar1i@time.com,Agender
56,Mateo,Pelerin,mpelerin1j@desdev.cn,Male
57,Valeda,Keningley,vkeningley1k@intel.com,Female
58,Dionysus,Dargavel,ddargavel1l@wufoo.com,Agender
59,Hyatt,Addie,haddie1m@miibeian.gov.cn,Male
60,Wilburt,Manchett,wmanchett1n@vimeo.com,Male
61,Robbie,Statefield,rstatefield1o@boston.com,Male
62,Matthias,Kiledal,mkiledal1p@liveinternet.ru,Male
63,Crystal,Breakey,cbreakey1q@storify.com,Non-binary
64,Kelley,Loader,kloader1r@boston.com,Female
65,Vanya,Nodes,vnodes1s@xinhuanet.com,Female
66,Regina,Ivory,rivory1t@umich.edu,Female
67,Brianna,Gwilym,bgwilym1u@howstuffworks.com,Female
68,Bernete,Pinnigar,bpinnigar1v@prnewswire.com,Female
69,Gabriela,Lissemore,glissemore1w@amazon.co.jp,Female
70,Kary,Freer,kfreer1x@usa.gov,Female
71,Melli,Aisbett,maisbett1y@ow.ly,Female
72,Broderic,Jilkes,bjilkes1z@businessinsider.com,Male
73,Ossie,Bohike,obohike20@netscape.com,Male
74,Cedric,Jzhakov,cjzhakov21@de.vu,Male
75,Cherise,Ollivier,collivier22@istockphoto.com,Female
76,Katerine,Mil,kmil23@oaic.gov.au,Female
77,Valentine,Frugier,vfrugier24@sfgate.com,Female
78,Sher,Shelsher,sshelsher25@devhub.com,Female
79,Clementia,Hebble,chebble26@studiopress.com,Female
80,Lefty,Verriour,lverriour27@pcworld.com,Male
81,Rachael,Brunelleschi,rbrunelleschi28@goodreads.com,Female
82,Kerwin,Pally,kpally29@flavors.me,Male
83,Ailbert,Kellog,akellog2a@cam.ac.uk,Genderqueer
84,Randell,Storrar,rstorrar2b@accuweather.com,Male
85,Vanya,Duval,vduval2c@usnews.com,Male
86,Graehme,Moggach,gmoggach2d@jigsy.com,Male
87,Glen,Boniface,gboniface2e@washington.edu,Male
88,Gabriele,Dafydd,gdafydd2f@ameblo.jp,Male
89,Rudie,Gallifont,rgallifont2g@unesco.org,Male
90,Kessia,Jenney,kjenney2h@com.com,Female
91,Reidar,Pharrow,rpharrow2i@newyorker.com,Polygender
92,Celinka,Kellington,ckellington2j@eepurl.com,Female
93,Lin,Boulding,lboulding2k@reverbnation.com,Male
94,Eran,Leyland,eleyland2l@discovery.com,Female
95,Dru,Courtier,dcourtier2m@nba.com,Female
96,Barney,Ewens,bewens2n@elegantthemes.com,Agender
97,Janka,Lanchbury,jlanchbury2o@discovery.com,Female
98,Conant,Borne,cborne2p@ovh.net,Non-binary
99,Aubert,Willcot,awillcot2q@time.com,Male
100,Thorndike,Ellershaw,tellershaw2r@163.com,Agender
101,Morgan,Sugg,msugg2s@behance.net,Genderqueer
102,Laverne,Thrift,lthrift2t@amazon.com,Female
103,Pierrette,Roggero,proggero2u@nydailynews.com,Female
104,Adrian,Kopf,akopf2v@istockphoto.com,Male
105,Niall,Fairs,nfairs2w@dailymotion.com,Male
106,Sully,Butchers,sbutchers2x@dagondesign.com,Male
107,Charlotte,Kiendl,ckiendl2y@time.com,Female
108,Brewster,Dumbrill,bdumbrill2z@apache.org,Male
109,Hadley,Mottinelli,hmottinelli30@washington.edu,Male
110,Hazlett,Hannond,hhannond31@chronoengine.com,Male
111,Ewell,Massow,emassow32@oracle.com,Male
112,Carr,Palay,cpalay33@buzzfeed.com,Male
113,Jeffie,Buncher,jbuncher34@blogs.com,Male
114,Kris,Bastian,kbastian35@usnews.com,Male
115,Chrissie,MacGilfoyle,cmacgilfoyle36@google.co.uk,Female
116,Price,Emig,pemig37@un.org,Male
117,Brocky,Chastanet,bchastanet38@nbcnews.com,Male
118,Lynelle,Squibb,lsquibb39@edublogs.org,Female
119,Winfield,Christofor,wchristofor3a@theatlantic.com,Male
120,Suzie,O'Tuohy,sotuohy3b@aol.com,Female
121,Carey,Szymon,cszymon3c@artisteer.com,Male
122,Haily,Lubman,hlubman3d@go.com,Male
123,Guenna,Gruszczak,ggruszczak3e@hc360.com,Female
124,Theodoric,Cyster,tcyster3f@shutterfly.com,Male
125,Joachim,Dellar,jdellar3g@rediff.com,Male
126,Dukey,Axleby,daxleby3h@rakuten.co.jp,Male
127,Alana,Gladtbach,agladtbach3i@auda.org.au,Female
128,Karole,Tourot,ktourot3j@w3.org,Female
129,Minna,Raun,mraun3k@nymag.com,Female
130,Reggis,Mudie,rmudie3l@amazonaws.com,Male
131,Hayyim,Benedict,hbenedict3m@hugedomains.com,Male
132,Donal,Magrannell,dmagrannell3n@cisco.com,Genderfluid
133,Tracy,Ingleston,tingleston3o@hhs.gov,Male
134,Adams,Gronow,agronow3p@xrea.com,Male
135,Josefa,Winton,jwinton3q@uol.com.br,Female
136,Elliott,Sutch,esutch3r@microsoft.com,Male
137,Paul,Eynon,peynon3s@home.pl,Male
138,Virgilio,Currey,vcurrey3t@washingtonpost.com,Male
139,Starlin,Warder,swarder3u@shinystat.com,Female
140,Tadd,Goding,tgoding3v@ocn.ne.jp,Male
141,Alonso,Anglin,aanglin3w@uiuc.edu,Male
142,Renard,Kemet,rkemet3x@drupal.org,Male
143,Sascha,Bradnick,sbradnick3y@bbc.co.uk,Bigender
144,Miles,McLise,mmclise3z@ed.gov,Male
145,Antonio,Paulazzi,apaulazzi40@theglobeandmail.com,Male
146,Jeremy,Fearnyough,jfearnyough41@google.es,Male
147,Forster,Beincken,fbeincken42@adobe.com,Male
148,Jeanine,Richt,jricht43@latimes.com,Female
149,Ellie,Antonat,eantonat44@time.com,Female
150,Janela,Shewon,jshewon45@vimeo.com,Female
151,Halimeda,Braddick,hbraddick46@blogspot.com,Female
152,Baxie,Gotter,bgotter47@live.com,Male
153,Kakalina,Greve,kgreve48@macromedia.com,Female
154,Kelley,Feighney,kfeighney49@de.vu,Male
155,Demetra,Baraja,dbaraja4a@ebay.co.uk,Female
156,Krisha,McCrann,kmccrann4b@php.net,Male
157,Freddy,Garfath,fgarfath4c@example.com,Female
158,Donn,Key,dkey4d@vkontakte.ru,Male
159,Rolf,Crowcum,rcrowcum4e@senate.gov,Male
160,Betta,Starie,bstarie4f@businessweek.com,Female
161,Clayborn,Hatliff,chatliff4g@wikimedia.org,Male
162,Sarena,Joe,sjoe4h@arstechnica.com,Bigender
163,Cherida,Piff,cpiff4i@aboutads.info,Female
164,Amelina,Hollier,ahollier4j@yellowpages.com,Female
165,Ynez,Sunnucks,ysunnucks4k@cnet.com,Female
166,Adolphe,Dilston,adilston4l@bloglovin.com,Male
167,Alena,Tisun,atisun4m@ameblo.jp,Female
168,Helena,Marven,hmarven4n@photobucket.com,Female
169,Bryn,Gierth,bgierth4o@bbb.org,Male
170,Sella,Prinn,sprinn4p@ycombinator.com,Female
171,Irma,Menego,imenego4q@sogou.com,Female
172,Nikolos,Scotchmur,nscotchmur4r@wix.com,Male
173,Che,Jeppensen,cjeppensen4s@qq.com,Male
174,Sallie,Steddall,ssteddall4t@bbc.co.uk,Female
175,Blondie,Paskins,bpaskins4u@printfriendly.com,Female
176,Gayler,Funcheon,gfuncheon4v@jigsy.com,Non-binary
177,Chrissy,Brandassi,cbrandassi4w@ebay.com,Male
178,Guy,Broddle,gbroddle4x@psu.edu,Genderqueer
179,Iseabal,Feuell,ifeuell4y@mapy.cz,Female
180,Konrad,Vitler,kvitler4z@amazon.co.jp,Male
181,Candra,Balcon,cbalcon50@economist.com,Female
182,Orelie,Robelin,orobelin51@reverbnation.com,Female
183,Catlee,de Marco,cdemarco52@printfriendly.com,Female
184,Guilbert,Mosey,gmosey53@instagram.com,Male
185,Manfred,Pitchford,mpitchford54@mapquest.com,Male
186,Ryley,Dewire,rdewire55@sourceforge.net,Male
187,Darrel,Trouncer,dtrouncer56@vimeo.com,Male
188,Olia,Jorck,ojorck57@gmpg.org,Female
189,Seth,Aguilar,saguilar58@bloglovin.com,Polygender
190,Theressa,Lanfere,tlanfere59@last.fm,Female
191,Vivienne,Woolcocks,vwoolcocks5a@163.com,Female
192,Mendie,Fourcade,mfourcade5b@instagram.com,Male
193,Dorise,Limbert,dlimbert5c@facebook.com,Female
194,Talia,Le Floch,tlefloch5d@vistaprint.com,Female
195,Merline,Farney,mfarney5e@bbb.org,Female
196,Mart,Roggero,mroggero5f@wufoo.com,Male
197,Zaneta,Ertel,zertel5g@blogs.com,Female
198,Flem,Shoubridge,fshoubridge5h@dyndns.org,Male
199,Romola,Haryngton,rharyngton5i@alibaba.com,Female
200,Kizzee,Faull,kfaull5j@nydailynews.com,Female
201,Janenna,Krojn,jkrojn5k@patch.com,Female
202,Bernhard,Pittet,bpittet5l@barnesandnoble.com,Male
203,Eleanor,Micheli,emicheli5m@skype.com,Female
204,Damaris,Chardin,dchardin5n@list-manage.com,Female
205,Edithe,Sandison,esandison5o@sakura.ne.jp,Female
206,Nance,Yetton,nyetton5p@hugedomains.com,Female
207,Pat,Thorlby,pthorlby5q@fc2.com,Female
208,Jillene,Danit,jdanit5r@yellowbook.com,Female
209,Carce,Maypother,cmaypother5s@privacy.gov.au,Male
210,Berti,Harhoff,bharhoff5t@ehow.com,Female
211,Ricky,Kopmann,rkopmann5u@yandex.ru,Female
212,Jamima,Jozef,jjozef5v@msu.edu,Female
213,Carmella,Hinzer,chinzer5w@rediff.com,Female
214,Benedick,Elphey,belphey5x@amazon.co.uk,Male
215,Loree,Ethersey,lethersey5y@fema.gov,Female
216,Loralyn,Brandt,lbrandt5z@feedburner.com,Female
217,Sidonia,Shillabear,sshillabear60@wikipedia.org,Female
218,Orbadiah,Prettejohns,oprettejohns61@hhs.gov,Male
219,Garek,Strickler,gstrickler62@noaa.gov,Male
220,Cher,Nimmo,cnimmo63@ihg.com,Genderfluid
221,Marney,Spire,mspire64@about.me,Female
222,Bendix,Harland,bharland65@bbb.org,Male
223,Morie,Durtnell,mdurtnell66@mac.com,Male
224,Raynell,Sillwood,rsillwood67@amazon.co.uk,Genderqueer
225,Teresa,Enocksson,tenocksson68@newyorker.com,Female
226,Doralyn,Linny,dlinny69@zdnet.com,Female
227,Lamar,Phizackarley,lphizackarley6a@hubpages.com,Male
228,Nadine,Alliston,nalliston6b@vk.com,Female
229,Winnah,Dunkerk,wdunkerk6c@howstuffworks.com,Female
230,Celia,Minogue,cminogue6d@furl.net,Female
231,Benson,Milam,bmilam6e@guardian.co.uk,Male
232,Gill,Crommett,gcrommett6f@360.cn,Male
233,Pavla,felip,pfelip6g@canalblog.com,Female
234,Julius,Pharro,jpharro6h@columbia.edu,Male
235,Berny,Hardman,bhardman6i@dyndns.org,Male
236,Lilla,Slesser,lslesser6j@blogger.com,Female
237,Kendricks,Antonomolii,kantonomolii6k@cdc.gov,Male
238,Arlen,Agius,aagius6l@printfriendly.com,Male
239,Zondra,Canto,zcanto6m@behance.net,Female
240,Sol,Treagus,streagus6n@ftc.gov,Male
241,Yulma,Ridding,yridding6o@digg.com,Male
242,Janice,Walby,jwalby6p@miitbeian.gov.cn,Female
243,Sosanna,Rivelon,srivelon6q@123-reg.co.uk,Agender
244,Marleah,Dummigan,mdummigan6r@nifty.com,Bigender
245,August,Rasher,arasher6s@gov.uk,Male
246,Solomon,Renvoys,srenvoys6t@usa.gov,Bigender
247,Rania,Beadnell,rbeadnell6u@upenn.edu,Female
248,Lucia,Biggins,lbiggins6v@ibm.com,Female
249,Hunt,Semper,hsemper6w@mit.edu,Male
250,Nicki,Botfield,nbotfield6x@qq.com,Female
251,Adolphus,Hairesnape,ahairesnape6y@weibo.com,Male
252,Dav,Leirmonth,dleirmonth6z@japanpost.jp,Male
253,Catherina,Geeson,cgeeson70@yellowpages.com,Female
254,Durante,Pennycock,dpennycock71@spotify.com,Male
255,Iosep,Lantaph,ilantaph72@zimbio.com,Male
256,Delia,Tolemache,dtolemache73@state.gov,Female
257,Angel,Maber,amaber74@nytimes.com,Agender
258,Barnebas,Tassell,btassell75@miitbeian.gov.cn,Male
259,Richmound,Megahey,rmegahey76@desdev.cn,Male
260,Lyda,Biddiss,lbiddiss77@ezinearticles.com,Female
261,Townie,Gutridge,tgutridge78@homestead.com,Male
262,Garrek,Zimmer,gzimmer79@studiopress.com,Male
263,Debee,Izod,dizod7a@sbwire.com,Female
264,Rodge,Edwardson,redwardson7b@ca.gov,Male
265,Vincent,Iowarch,viowarch7c@friendfeed.com,Male
266,Chrotoem,Treffry,ctreffry7d@indiatimes.com,Male
267,Leo,Rake,lrake7e@prweb.com,Male
268,Norrie,Wellstead,nwellstead7f@gnu.org,Genderqueer
269,Nerti,Kinnin,nkinnin7g@163.com,Female
270,Darby,O' Meara,domeara7h@irs.gov,Female
271,Carley,Piwell,cpiwell7i@wikimedia.org,Female
272,Damaris,Phelan,dphelan7j@comsenz.com,Female
273,Carly,Rhydderch,crhydderch7k@youtu.be,Male
274,Gerald,Cheak,gcheak7l@hp.com,Male
275,Gabrila,Jobbins,gjobbins7m@dell.com,Female
276,Ludovika,Drane,ldrane7n@sourceforge.net,Female
277,Filmore,Ricciardello,fricciardello7o@washingtonpost.com,Male
278,Burnaby,Rouse,brouse7p@deliciousdays.com,Male
279,Maurine,Grzegorecki,mgrzegorecki7q@free.fr,Female
280,Rodney,Cuttelar,rcuttelar7r@shareasale.com,Genderqueer
281,Law,Wybrow,lwybrow7s@myspace.com,Male
282,Durward,Wolfers,dwolfers7t@ustream.tv,Agender
283,Ranique,Allon,rallon7u@berkeley.edu,Non-binary
284,Giff,Memmory,gmemmory7v@hostgator.com,Male
285,Marlo,MacNish,mmacnish7w@huffingtonpost.com,Female
286,Romona,Rough,rrough7x@people.com.cn,Female
287,Conan,Rentelll,crentelll7y@gov.uk,Male
288,Micah,O'Hearn,mohearn7z@technorati.com,Male
289,Giuditta,O'Kielt,gokielt80@washington.edu,Female
290,Clarinda,Acosta,cacosta81@usgs.gov,Female
291,Allie,Beebis,abeebis82@sciencedaily.com,Male
292,Cameron,Giral,cgiral83@arizona.edu,Male
293,Rodie,Hosier,rhosier84@cocolog-nifty.com,Female
294,Hedwiga,Gonnet,hgonnet85@mashable.com,Female
295,Tabbitha,Leverentz,tleverentz86@go.com,Female
296,Zabrina,Rawles,zrawles87@salon.com,Non-binary
297,Graig,Gartshore,ggartshore88@google.com.hk,Male
298,Lyman,Strathman,lstrathman89@wix.com,Male
299,Jake,Schlagtmans,jschlagtmans8a@statcounter.com,Male
300,Craig,Brazur,cbrazur8b@cloudflare.com,Male
301,Allina,Rigglesford,arigglesford8c@geocities.jp,Female
302,Keene,Dumbar,kdumbar8d@paginegialle.it,Male
303,Alaine,Costen,acosten8e@parallels.com,Female
304,Onfroi,Dolohunty,odolohunty8f@adobe.com,Male
305,Jecho,Clayfield,jclayfield8g@joomla.org,Agender
306,Pietro,Coutthart,pcoutthart8h@auda.org.au,Male
307,Alasteir,Boumphrey,aboumphrey8i@naver.com,Polygender
308,Clayson,Ripon,cripon8j@soundcloud.com,Male
309,Pearla,Spenton,pspenton8k@ask.com,Female
310,Manuel,Barneville,mbarneville8l@imgur.com,Male
311,Hewet,Millin,hmillin8m@pcworld.com,Male
312,Linnet,Le Gassick,llegassick8n@reddit.com,Female
313,Ogden,Durant,odurant8o@auda.org.au,Male
314,Hayley,Rope,hrope8p@storify.com,Female
315,Caroljean,Manhood,cmanhood8q@squidoo.com,Female
316,Annora,MacManus,amacmanus8r@google.com,Female
317,Ellene,Mugg,emugg8s@columbia.edu,Female
318,Julianna,Ginity,jginity8t@amazon.com,Genderfluid
319,Odella,Fancett,ofancett8u@amazon.com,Agender
320,Yvor,Kulas,ykulas8v@sitemeter.com,Polygender
321,Lukas,Dafter,ldafter8w@w3.org,Male
322,Bernardina,Swinyard,bswinyard8x@t-online.de,Non-binary
323,Bendix,Flello,bflello8y@canalblog.com,Male
324,Cobb,Errichiello,cerrichiello8z@wunderground.com,Genderfluid
325,Ernst,Eloi,eeloi90@com.com,Male
326,Alisun,Matisoff,amatisoff91@mayoclinic.com,Female
327,Reyna,Murphey,rmurphey92@ovh.net,Female
328,Gaylor,Roy,groy93@theatlantic.com,Male
329,Maurizia,Sanford,msanford94@gizmodo.com,Female
330,Manny,Jansky,mjansky95@nsw.gov.au,Male
331,Corny,Weson,cweson96@smugmug.com,Male
332,Zorine,McClory,zmcclory97@slideshare.net,Female
333,Mommy,Posnette,mposnette98@statcounter.com,Female
334,Kory,Attenbrow,kattenbrow99@google.ru,Male
335,Jacquenette,Sheekey,jsheekey9a@yandex.ru,Female
336,Chris,Jays,cjays9b@blogs.com,Female
337,Farley,Stonestreet,fstonestreet9c@angelfire.com,Male
338,Inessa,Futcher,ifutcher9d@upenn.edu,Female
339,Tucky,Casellas,tcasellas9e@shutterfly.com,Male
340,Meagan,Rablan,mrablan9f@wp.com,Female
341,Rafa,Androletti,randroletti9g@army.mil,Female
342,Ewen,Lampitt,elampitt9h@zdnet.com,Male
343,Leroi,Mennithorp,lmennithorp9i@cnet.com,Male
344,Toinette,Husby,thusby9j@theguardian.com,Female
345,Clarice,Buchett,cbuchett9k@com.com,Female
346,Hilario,Vanyarkin,hvanyarkin9l@eepurl.com,Male
347,Vachel,Shrubshall,vshrubshall9m@cornell.edu,Male
348,Kristen,Cowland,kcowland9n@ask.com,Female
349,Herby,Bernhardt,hbernhardt9o@acquirethisname.com,Male
350,Doralynn,Iddens,diddens9p@cam.ac.uk,Female
351,Annette,Fogg,afogg9q@harvard.edu,Female
352,Myles,Coram,mcoram9r@shinystat.com,Male
353,Colman,Duckerin,cduckerin9s@squarespace.com,Male
354,Kimbell,Cool,kcool9t@wordpress.org,Male
355,Mikael,Benedetti,mbenedetti9u@nbcnews.com,Male
356,Noel,Monahan,nmonahan9v@blogs.com,Bigender
357,Corliss,Greenroad,cgreenroad9w@google.com.br,Female
358,Bert,Laurand,blaurand9x@wiley.com,Female
359,Redford,Dudhill,rdudhill9y@livejournal.com,Genderfluid
360,Wilhelmina,Ismead,wismead9z@wp.com,Female
361,Rita,Duding,rdudinga0@businesswire.com,Female
362,Cordy,Ancliff,cancliffa1@cornell.edu,Female
363,Norbie,Heyns,nheynsa2@youtu.be,Male
364,Livvyy,McMichael,lmcmichaela3@time.com,Female
365,Dawn,Vatini,dvatinia4@unblog.fr,Female
366,Ginnifer,McElmurray,gmcelmurraya5@sina.com.cn,Genderqueer
367,Crysta,MacNeilage,cmacneilagea6@omniture.com,Female
368,Sharyl,Raiment,sraimenta7@webeden.co.uk,Female
369,Estell,Grigoriev,egrigorieva8@princeton.edu,Female
370,Eada,Wildbore,ewildborea9@xing.com,Female
371,Edee,Cudmore,ecudmoreaa@prweb.com,Female
372,Shalom,Kingstne,skingstneab@barnesandnoble.com,Male
373,Lyle,Grima,lgrimaac@ftc.gov,Male
374,Frank,Leebeter,fleebeterad@who.int,Male
375,Fredra,Cockson,fcocksonae@sun.com,Female
376,Doria,Speck,dspeckaf@imageshack.us,Female
377,Emmalynn,Amburgy,eamburgyag@disqus.com,Female
378,Farlie,Satchell,fsatchellah@wired.com,Male
379,Shadow,Shakespeare,sshakespeareai@nbcnews.com,Non-binary
380,Albertine,Naire,anaireaj@patch.com,Female
381,Roseanne,Gallagher,rgallagherak@creativecommons.org,Female
382,Calhoun,Gerner,cgerneral@mapquest.com,Male
383,Christi,Rigden,crigdenam@vistaprint.com,Female
384,Dwayne,Ferneyhough,dferneyhoughan@umich.edu,Male
385,Xavier,Dew,xdewao@google.fr,Male
386,Adda,Palffy,apalffyap@chronoengine.com,Female
387,Hortensia,Cargenven,hcargenvenaq@hatena.ne.jp,Female
388,Fergus,Drewet,fdrewetar@buzzfeed.com,Male
389,Bord,Kleine,bkleineas@illinois.edu,Male
390,Angelo,Simoneau,asimoneauat@amazonaws.com,Male
391,Jilly,Stansall,jstansallau@europa.eu,Female
392,Alessandra,Slader,asladerav@stumbleupon.com,Female
393,Pancho,Fullerlove,pfullerloveaw@army.mil,Genderqueer
394,Udell,Nassi,unassiax@phpbb.com,Male
395,Philipa,State,pstateay@disqus.com,Female
396,Benn,Leal,blealaz@washington.edu,Genderqueer
397,Fredra,MacCrossan,fmaccrossanb0@addtoany.com,Female
398,Paolo,Melpuss,pmelpussb1@mozilla.org,Male
399,Bron,Trudgion,btrudgionb2@google.com,Male
400,Bondie,Marlor,bmarlorb3@wisc.edu,Male
401,Whitney,Tinkler,wtinklerb4@sohu.com,Male
402,Scot,Bradborne,sbradborneb5@twitter.com,Male
403,Gerhard,Vater,gvaterb6@oracle.com,Male
404,Madlin,Reedick,mreedickb7@bandcamp.com,Female
405,Deeann,Postin,dpostinb8@prweb.com,Female
406,Indira,Filippi,ifilippib9@cisco.com,Female
407,Anna-maria,Stallard,astallardba@house.gov,Female
408,Sherye,Osbaldstone,sosbaldstonebb@arstechnica.com,Female
409,Earle,Mark,emarkbc@sohu.com,Male
410,Cleveland,Seabridge,cseabridgebd@purevolume.com,Male
411,Tera,Weekly,tweeklybe@topsy.com,Female
412,Marga,Windram,mwindrambf@yolasite.com,Female
413,Ruddy,Saby,rsabybg@is.gd,Male
414,Goran,Elmes,gelmesbh@fastcompany.com,Male
415,Town,Cherrie,tcherriebi@fotki.com,Agender
416,Freddy,Boays,fboaysbj@liveinternet.ru,Male
417,Sharon,Staniforth,sstaniforthbk@yolasite.com,Female
418,Titus,Pettingall,tpettingallbl@webmd.com,Male
419,Tobi,Lohoar,tlohoarbm@google.ca,Female
420,Sidoney,Wilse,swilsebn@apple.com,Female
421,Quent,Graddell,qgraddellbo@edublogs.org,Male
422,Lacie,Gurery,lgurerybp@cafepress.com,Female
423,Umeko,Smetoun,usmetounbq@wordpress.org,Female
424,Audrie,Corona,acoronabr@clickbank.net,Female
425,Alix,Cowthard,acowthardbs@bizjournals.com,Non-binary
426,Vittorio,Purton,vpurtonbt@theguardian.com,Male
427,Jacquette,Roddy,jroddybu@biglobe.ne.jp,Female
428,Elmore,Balchin,ebalchinbv@soundcloud.com,Male
429,Trumann,Whitechurch,twhitechurchbw@tinyurl.com,Male
430,Geoffrey,Hedau,ghedaubx@slideshare.net,Male
431,Norrie,Vallance,nvallanceby@booking.com,Female
432,Leslie,Lory,llorybz@dyndns.org,Female
433,Burch,Pinwell,bpinwellc0@twitpic.com,Male
434,Libbey,Corssen,lcorssenc1@acquirethisname.com,Female
435,Guenna,Blaylock,gblaylockc2@huffingtonpost.com,Female
436,Verne,Glashby,vglashbyc3@xrea.com,Genderfluid
437,Sayer,Lamers,slamersc4@fema.gov,Male
438,Cristionna,Rubenfeld,crubenfeldc5@foxnews.com,Female
439,Halimeda,MacMarcuis,hmacmarcuisc6@theatlantic.com,Female
440,Arnuad,McCrackan,amccrackanc7@weebly.com,Male
441,El,Mirfin,emirfinc8@ameblo.jp,Male
442,Alameda,Lindermann,alindermannc9@sourceforge.net,Female
443,Kerrill,Terbeck,kterbeckca@google.nl,Female
444,Brear,Strainge,bstraingecb@marriott.com,Female
445,Nalani,De Francesco,ndefrancescocc@moonfruit.com,Female
446,Carmelita,Thripp,cthrippcd@uiuc.edu,Female
447,Patten,Laval,plavalce@twitpic.com,Male
448,Carly,Bourdon,cbourdoncf@chron.com,Male
449,Pierson,O'Finan,pofinancg@amazon.co.uk,Male
450,Fernanda,Kilfeather,fkilfeatherch@intel.com,Female
451,Anabel,Mantrup,amantrupci@sun.com,Female
452,Sampson,Kyttor,skyttorcj@sciencedaily.com,Male
453,Harrison,Allonby,hallonbyck@cargocollective.com,Male
454,Jimmy,Splaven,jsplavencl@ebay.com,Male
455,Karon,MacCurtain,kmaccurtaincm@elegantthemes.com,Female
456,Enrichetta,Alecock,ealecockcn@behance.net,Genderfluid
457,Fran,Pepi,fpepico@huffingtonpost.com,Female
458,Abigale,Janoschek,ajanoschekcp@yahoo.com,Female
459,Ella,Titchmarsh,etitchmarshcq@bbc.co.uk,Female
460,Elias,Wrought,ewroughtcr@google.nl,Male
461,Kincaid,Bloomer,kbloomercs@whitehouse.gov,Male
462,Neille,Mugglestone,nmugglestonect@ifeng.com,Female
463,Shelby,Rout,sroutcu@newyorker.com,Female
464,Ogdon,Hopkyns,ohopkynscv@wsj.com,Male
465,Betty,Franzonello,bfranzonellocw@vkontakte.ru,Female
466,Mendie,Holsey,mholseycx@delicious.com,Male
467,Revkah,Heersema,rheersemacy@opensource.org,Female
468,Kathryn,Chung,kchungcz@mtv.com,Female
469,Mart,O'Feeney,mofeeneyd0@gravatar.com,Male
470,Lelia,Neles,lnelesd1@google.co.jp,Bigender
471,Christophe,Ditchett,cditchettd2@webeden.co.uk,Male
472,Alberta,Swatradge,aswatradged3@printfriendly.com,Female
473,Kriste,Innocent,kinnocentd4@berkeley.edu,Genderqueer
474,Kalinda,Dorken,kdorkend5@edublogs.org,Female
475,Claus,Vurley,cvurleyd6@tmall.com,Male
476,Olivie,Nicholes,onicholesd7@yale.edu,Female
477,Rosina,Dilks,rdilksd8@behance.net,Female
478,Svend,Willment,swillmentd9@washingtonpost.com,Male
479,Barbie,Vynoll,bvynollda@china.com.cn,Female
480,Karoly,Galway,kgalwaydb@jiathis.com,Male
481,Olive,Demangel,odemangeldc@seesaa.net,Female
482,Herb,Pinckard,hpinckarddd@webs.com,Male
483,Tricia,Haughian,thaughiande@miitbeian.gov.cn,Female
484,Giulio,Lamerton,glamertondf@creativecommons.org,Male
485,Osbert,Cornhill,ocornhilldg@weebly.com,Male
486,Taite,Treadgall,ttreadgalldh@shareasale.com,Male
487,Mitchell,Benedicte,mbenedictedi@un.org,Male
488,Flossie,O'Connor,foconnordj@ezinearticles.com,Polygender
489,Howard,Millier,hmillierdk@ted.com,Male
490,Richie,Forsbey,rforsbeydl@springer.com,Male
491,Boycey,Loxston,bloxstondm@cisco.com,Genderfluid
492,Albie,Keatch,akeatchdn@economist.com,Male
493,Shea,Hitschke,shitschkedo@xrea.com,Female
494,Celine,Zipsell,czipselldp@umn.edu,Female
495,Cal,Culkin,cculkindq@google.co.jp,Male
496,Lilyan,Yakubovics,lyakubovicsdr@census.gov,Female
497,Tabbie,Wooster,twoosterds@seattletimes.com,Female
498,Ambros,Domsalla,adomsalladt@princeton.edu,Polygender
499,Jesselyn,Cason,jcasondu@bigcartel.com,Female
500,Faith,Spall,fspalldv@macromedia.com,Polygender
501,Jorey,Treske,jtreskedw@imdb.com,Female
502,Grace,Arnau,garnaudx@spiegel.de,Female
503,Hart,Aggett,haggettdy@wikia.com,Male
504,Clim,Whyborn,cwhyborndz@cloudflare.com,Male
505,Wiley,Pally,wpallye0@census.gov,Male
506,Brandy,Schenkel,bschenkele1@joomla.org,Female
507,Drake,Hellard,dhellarde2@woothemes.com,Male
508,Hillel,Heindrich,hheindriche3@mtv.com,Male
509,Nessa,McKelvie,nmckelviee4@feedburner.com,Female
510,Miguelita,Battyll,mbattylle5@nps.gov,Female
511,Winna,Piquard,wpiquarde6@histats.com,Female
512,Zorine,Kordt,zkordte7@bloglines.com,Female
513,Wiatt,Gilberthorpe,wgilberthorpee8@ibm.com,Male
514,Shepperd,Job,sjobe9@vkontakte.ru,Male
515,Ado,Wastall,awastallea@dmoz.org,Male
516,Vinnie,Edy,vedyeb@squidoo.com,Male
517,Joye,Neno,jnenoec@state.tx.us,Female
518,Dewitt,Kumar,dkumared@shinystat.com,Male
519,Tadd,Portal,tportalee@epa.gov,Male
520,Yolande,Petrus,ypetrusef@quantcast.com,Female
521,Libby,Gerrill,lgerrilleg@sitemeter.com,Female
522,Jessica,Andries,jandrieseh@shinystat.com,Female
523,Glyn,Oaks,goaksei@si.edu,Female
524,Fara,Smidmoor,fsmidmoorej@hhs.gov,Female
525,Sheffield,Riggoll,sriggollek@apple.com,Male
526,Angele,Czajkowski,aczajkowskiel@apache.org,Female
527,Fern,Maharey,fmahareyem@fastcompany.com,Female
528,Noby,Nisbet,nnisbeten@cbslocal.com,Male
529,Lynea,Becconsall,lbecconsalleo@cdbaby.com,Female
530,Torry,Lawland,tlawlandep@prnewswire.com,Male
531,Bari,Bashford,bbashfordeq@cnbc.com,Female
532,Urbano,Ferrarone,uferraroneer@w3.org,Male
533,Lenard,Esser,lesseres@state.tx.us,Male
534,Gordan,Cardenosa,gcardenosaet@yellowbook.com,Polygender
535,Rickert,Bazoge,rbazogeeu@nationalgeographic.com,Male
536,Tibold,Rosenhaus,trosenhausev@fastcompany.com,Male
537,Candace,De Ortega,cdeortegaew@webmd.com,Female
538,Samara,Folkes,sfolkesex@businessinsider.com,Female
539,Chester,Leeke,cleekeey@webs.com,Male
540,Emmet,Olivetti,eolivettiez@salon.com,Male
541,Terencio,Botte,tbottef0@hexun.com,Male
542,Dedie,Barthrup,dbarthrupf1@wp.com,Female
543,Linnea,Helliker,lhellikerf2@ebay.com,Agender
544,Way,Caws,wcawsf3@flavors.me,Non-binary
545,Arnoldo,Leap,aleapf4@addtoany.com,Male
546,Emelyne,Ximenez,eximenezf5@people.com.cn,Female
547,Dore,Myring,dmyringf6@mtv.com,Genderqueer
548,Kellie,Frankcomb,kfrankcombf7@apache.org,Female
549,Kristien,Waiting,kwaitingf8@purevolume.com,Female
550,Joe,Drinkhill,jdrinkhillf9@loc.gov,Male
551,Michale,Ettridge,mettridgefa@biglobe.ne.jp,Male
552,Elbert,Bloom,ebloomfb@sphinn.com,Male
553,Coretta,Zelner,czelnerfc@sciencedirect.com,Genderfluid
554,Edin,Knocker,eknockerfd@elegantthemes.com,Female
555,Sascha,Woolen,swoolenfe@cpanel.net,Male
556,Carson,Pagan,cpaganff@dailymail.co.uk,Male
557,Brina,Ream,breamfg@bloglines.com,Female
558,Ava,I'anson,aiansonfh@newyorker.com,Female
559,Linell,Kenward,lkenwardfi@digg.com,Female
560,Duff,Gibb,dgibbfj@army.mil,Male
561,Laure,McKevitt,lmckevittfk@github.io,Female
562,Genovera,Scawton,gscawtonfl@amazon.de,Polygender
563,Hadria,Dwyer,hdwyerfm@blog.com,Female
564,Clyde,Stang-Gjertsen,cstanggjertsenfn@devhub.com,Male
565,Ali,Morris,amorrisfo@wordpress.org,Male
566,Burgess,Gaylard,bgaylardfp@google.de,Male
567,Ulrika,Payle,upaylefq@bluehost.com,Female
568,Holly,O' Quirk,hoquirkfr@wisc.edu,Male
569,Pia,Hackinge,phackingefs@topsy.com,Female
570,Vale,Wing,vwingft@list-manage.com,Male
571,Anya,Ciraldo,aciraldofu@mozilla.org,Female
572,Saleem,Durdan,sdurdanfv@japanpost.jp,Male
573,Willis,Lavigne,wlavignefw@smugmug.com,Male
574,Brenn,Oliphard,boliphardfx@samsung.com,Female
575,Abby,Hanrahan,ahanrahanfy@squarespace.com,Male
576,Nevil,Caser,ncaserfz@europa.eu,Male
577,Myrvyn,Marjanski,mmarjanskig0@oaic.gov.au,Male
578,Rafaelia,Stollard,rstollardg1@yelp.com,Female
579,Nancie,Alston,nalstong2@symantec.com,Female
580,Morganne,Fairham,mfairhamg3@xing.com,Female
581,Marice,Tidgewell,mtidgewellg4@w3.org,Agender
582,Lionello,Bunney,lbunneyg5@ezinearticles.com,Male
583,Aprilette,Skaife d'Ingerthorpe,askaifedingerthorpeg6@sina.com.cn,Female
584,Waverly,Maccrie,wmaccrieg7@list-manage.com,Male
585,Brennan,Wanstall,bwanstallg8@ucoz.ru,Polygender
586,Dorine,Cathee,dcatheeg9@yelp.com,Female
587,Mommy,Goodinson,mgoodinsonga@whitehouse.gov,Female
588,Nickie,Jecock,njecockgb@apple.com,Male
589,Cleveland,Brotherwood,cbrotherwoodgc@mac.com,Male
590,Duke,Ivell,divellgd@netlog.com,Male
591,Darcy,Aitchison,daitchisonge@foxnews.com,Genderqueer
592,Arvin,Hynde,ahyndegf@jigsy.com,Genderfluid
593,Thaddus,Yurchenko,tyurchenkogg@dyndns.org,Male
594,Doro,Sikorsky,dsikorskygh@ocn.ne.jp,Female
595,Cicely,Deppen,cdeppengi@vimeo.com,Female
596,Rochester,Collier,rcolliergj@jigsy.com,Male
597,Sandi,Caig,scaiggk@arizona.edu,Female
598,Aguste,Verriour,averriourgl@purevolume.com,Male
599,Jecho,Walne,jwalnegm@photobucket.com,Male
600,Roslyn,Bevir,rbevirgn@wufoo.com,Female
601,Shadow,Goldie,sgoldiego@vkontakte.ru,Male
602,Wally,Probetts,wprobettsgp@nymag.com,Female
603,Zorine,Piscopiello,zpiscopiellogq@who.int,Non-binary
604,Kiley,Funcheon,kfuncheongr@moonfruit.com,Female
605,Delila,Arpin,darpings@tmall.com,Female
606,Darlleen,Guerreru,dguerrerugt@fotki.com,Female
607,Natalee,Pyke,npykegu@msn.com,Female
608,Doroteya,Abbado,dabbadogv@paypal.com,Female
609,Honoria,Flaune,hflaunegw@npr.org,Female
610,Janina,Doctor,jdoctorgx@feedburner.com,Female
611,Gabie,Goulden,ggouldengy@earthlink.net,Polygender
612,Elbert,Cordie,ecordiegz@gmpg.org,Male
613,Jonie,Conerding,jconerdingh0@soundcloud.com,Female
614,Marillin,Sidnall,msidnallh1@360.cn,Female
615,Ethelbert,Wilfinger,ewilfingerh2@exblog.jp,Male
616,Vivian,Burrells,vburrellsh3@reddit.com,Female
617,Robert,Bouttell,rbouttellh4@ibm.com,Male
618,Pietro,Letford,pletfordh5@cnn.com,Male
619,Eula,Heersma,eheersmah6@php.net,Bigender
620,Avery,Jarrett,ajarretth7@opensource.org,Male
621,Ellwood,Cesco,ecescoh8@topsy.com,Male
622,Cathleen,Cushion,ccushionh9@gizmodo.com,Female
623,Sherwood,Carletti,scarlettiha@tuttocitta.it,Male
624,Batholomew,McGarvie,bmcgarviehb@msu.edu,Male
625,Lucila,Fillimore,lfillimorehc@unc.edu,Bigender
626,Stillmann,Warr,swarrhd@wikia.com,Male
627,Brinna,Houson,bhousonhe@scribd.com,Female
628,Natassia,Duesbury,nduesburyhf@wunderground.com,Female
629,Roberto,Engledow,rengledowhg@livejournal.com,Male
630,Edi,Mackstead,emacksteadhh@dailymail.co.uk,Female
631,Arabela,Kegan,akeganhi@microsoft.com,Genderfluid
632,Cassandry,Bourdel,cbourdelhj@i2i.jp,Female
633,Maxine,O'Kelly,mokellyhk@dailymail.co.uk,Female
634,Robenia,Lindback,rlindbackhl@biglobe.ne.jp,Female
635,Darb,Duffan,dduffanhm@aol.com,Genderqueer
636,Henry,Northgraves,hnorthgraveshn@cmu.edu,Male
637,Rhianon,O'Spillane,rospillaneho@about.me,Female
638,Yorker,Askham,yaskhamhp@ycombinator.com,Male
639,Homerus,Goodson,hgoodsonhq@samsung.com,Male
640,Paulette,Wasbey,pwasbeyhr@sun.com,Female
641,Jase,McKinley,jmckinleyhs@oakley.com,Male
642,Farand,Millbank,fmillbankht@seesaa.net,Female
643,Rosabella,Lamblin,rlamblinhu@wp.com,Female
644,Harrison,Lewton,hlewtonhv@businessweek.com,Male
645,Moina,Jakubovits,mjakubovitshw@nytimes.com,Female
646,Ulysses,Hastin,uhastinhx@phpbb.com,Male
647,Findley,Appleford,fapplefordhy@theguardian.com,Male
648,Brita,Abbison,babbisonhz@dyndns.org,Female
649,Joela,McFetrich,jmcfetrichi0@bluehost.com,Female
650,Danielle,Benion,dbenioni1@over-blog.com,Female
651,Agosto,Tremberth,atremberthi2@1und1.de,Male
652,Idalia,McGerraghty,imcgerraghtyi3@rediff.com,Female
653,Jacquelynn,O'Kenny,jokennyi4@boston.com,Female
654,Annamaria,Pendle,apendlei5@harvard.edu,Female
655,Bax,Handmore,bhandmorei6@bandcamp.com,Male
656,Beckie,Byron,bbyroni7@google.com.au,Female
657,Ivy,Cogin,icogini8@histats.com,Non-binary
658,Jamie,Harrington,jharringtoni9@spiegel.de,Female
659,Kendre,Eley,keleyia@t.co,Female
660,Liliane,Dawby,ldawbyib@techcrunch.com,Female
661,Dugald,Cust,dcustic@weather.com,Male
662,Georgiana,Hansod,ghansodid@noaa.gov,Female
663,Humberto,Giddins,hgiddinsie@google.cn,Male
664,Neil,L'Episcopio,nlepiscopioif@devhub.com,Male
665,Rudolph,Heeney,rheeneyig@digg.com,Male
666,Sheilakathryn,McGarrity,smcgarrityih@slashdot.org,Female
667,Nicolea,Westmancoat,nwestmancoatii@arizona.edu,Female
668,Kermy,Saben,ksabenij@marriott.com,Male
669,Gina,Simonich,gsimonichik@homestead.com,Female
670,Toni,Bessell,tbessellil@amazonaws.com,Female
671,Annie,Thying,athyingim@columbia.edu,Female
672,Wyndham,Arghent,warghentin@infoseek.co.jp,Male
673,Ellswerth,Scales,escalesio@deviantart.com,Male
674,Patricio,Story,pstoryip@nba.com,Male
675,Mariam,Nuzzi,mnuzziiq@cnet.com,Bigender
676,Elisabeth,Roderigo,eroderigoir@economist.com,Female
677,Starr,Borland,sborlandis@cornell.edu,Female
678,Paco,Saiger,psaigerit@sbwire.com,Male
679,Ewell,Steade,esteadeiu@usa.gov,Genderqueer
680,Merrill,Menhenitt,mmenhenittiv@mozilla.org,Male
681,Pattin,Illiston,pillistoniw@hp.com,Male
682,Carney,Bancroft,cbancroftix@chronoengine.com,Male
683,Marla,Hardson,mhardsoniy@nature.com,Female
684,Maddie,Rosewarne,mrosewarneiz@guardian.co.uk,Female
685,Brooke,Kidsley,bkidsleyj0@house.gov,Male
686,Melania,Coppen,mcoppenj1@ycombinator.com,Female
687,Kettie,Golt,kgoltj2@wunderground.com,Female
688,Douglass,Kuhne,dkuhnej3@trellian.com,Male
689,Tracie,Nibloe,tnibloej4@mayoclinic.com,Male
690,Hugo,Tilson,htilsonj5@elegantthemes.com,Genderfluid
691,Terry,Piggford,tpiggfordj6@mozilla.com,Male
692,King,Jakab,kjakabj7@cornell.edu,Male
693,Nilson,Peakman,npeakmanj8@example.com,Male
694,Jasmine,Zecchini,jzecchinij9@mlb.com,Female
695,Cristine,Kuschke,ckuschkeja@taobao.com,Female
696,Blane,Mandifield,bmandifieldjb@nytimes.com,Male
697,Damiano,Lob,dlobjc@cafepress.com,Male
698,Tristam,Littlekit,tlittlekitjd@issuu.com,Male
699,Anthia,MacGaffey,amacgaffeyje@macromedia.com,Female
700,Corine,How,chowjf@1688.com,Female
701,Hildy,Cottrill,hcottrilljg@livejournal.com,Female
702,Kort,Bennedsen,kbennedsenjh@shop-pro.jp,Male
703,Roderigo,Larham,rlarhamji@nbcnews.com,Male
704,Cirilo,Haskell,chaskelljj@macromedia.com,Male
705,Yank,MacCracken,ymaccrackenjk@mapquest.com,Male
706,Pippa,Wimbridge,pwimbridgejl@sourceforge.net,Polygender
707,Engelbert,Fazan,efazanjm@google.ru,Male
708,Tildi,Hulmes,thulmesjn@taobao.com,Female
709,Eugenie,Hovenden,ehovendenjo@skyrock.com,Female
710,Chloe,Mosco,cmoscojp@merriam-webster.com,Female
711,Pia,Alaway,palawayjq@wikia.com,Female
712,Martainn,Bonifas,mbonifasjr@prlog.org,Agender
713,Francesca,Macguire,fmacguirejs@reddit.com,Female
714,Julia,Skillanders,jskillandersjt@addtoany.com,Female
715,Madelle,Drane,mdraneju@bigcartel.com,Female
716,Shellysheldon,Craw,scrawjv@ftc.gov,Male
717,Dela,Boote,dbootejw@indiegogo.com,Female
718,Vikki,Blackshaw,vblackshawjx@t.co,Female
719,Crichton,Falla,cfallajy@phpbb.com,Male
720,Bax,Pharro,bpharrojz@blog.com,Male
721,Conny,Witheford,cwithefordk0@apple.com,Female
722,Elene,Frickey,efrickeyk1@oaic.gov.au,Female
723,Darrick,Cade,dcadek2@trellian.com,Male
724,Dill,Orcott,dorcottk3@bing.com,Male
725,Ivette,Conre,iconrek4@jugem.jp,Female
726,Andreana,Stroder,astroderk5@scientificamerican.com,Female
727,Stephani,Patshull,spatshullk6@com.com,Female
728,Herman,Courtney,hcourtneyk7@netscape.com,Male
729,Bunny,Bertlin,bbertlink8@clickbank.net,Female
730,Avrit,Hallett,ahallettk9@washingtonpost.com,Female
731,Merrily,Bentote,mbentoteka@fotki.com,Female
732,Frazier,Soltan,fsoltankb@domainmarket.com,Male
733,Beltran,Balleine,bballeinekc@live.com,Bigender
734,Salomon,Hazeley,shazeleykd@craigslist.org,Male
735,Marin,Passfield,mpassfieldke@cocolog-nifty.com,Bigender
736,Lucita,Deeley,ldeeleykf@nymag.com,Female
737,Sharon,Leney,sleneykg@wikispaces.com,Female
738,Ferdy,Abrashkov,fabrashkovkh@japanpost.jp,Male
739,Kyrstin,Ramalho,kramalhoki@odnoklassniki.ru,Female
740,Rosalind,Jendrich,rjendrichkj@furl.net,Female
741,Fields,Elam,felamkk@de.vu,Male
742,Fanchette,Pinyon,fpinyonkl@businesswire.com,Polygender
743,Dottie,Rops,dropskm@reference.com,Female
744,Tye,Maurice,tmauricekn@scribd.com,Male
745,Arel,Paulon,apaulonko@umn.edu,Male
746,Millicent,Casaro,mcasarokp@homestead.com,Bigender
747,Theodore,Hendrikse,thendriksekq@noaa.gov,Male
748,Salvatore,Stollenberg,sstollenbergkr@github.io,Male
749,Quintana,Currao,qcurraoks@arizona.edu,Female
750,Benn,Shillabeare,bshillabearekt@admin.ch,Male
751,Maia,Grimsdike,mgrimsdikeku@mozilla.com,Female
752,Giffie,Oselton,goseltonkv@skyrock.com,Male
753,Emmye,Bedward,ebedwardkw@ifeng.com,Female
754,Lilly,Oganian,loganiankx@statcounter.com,Female
755,Ebeneser,Loveday,elovedayky@nasa.gov,Male
756,Wells,Dugmore,wdugmorekz@fc2.com,Male
757,Cris,Wycliff,cwycliffl0@homestead.com,Female
758,Jarrad,Tynemouth,jtynemouthl1@wufoo.com,Male
759,Tricia,Shakelady,tshakeladyl2@bravesites.com,Female
760,Arleen,Groneway,agronewayl3@google.es,Polygender
761,Magdaia,Fortun,mfortunl4@hubpages.com,Female
762,Roberto,Gowler,rgowlerl5@posterous.com,Male
763,Sylvester,Leadbeater,sleadbeaterl6@istockphoto.com,Male
764,Sarita,Samwaye,ssamwayel7@google.cn,Non-binary
765,Cynthy,Pumphreys,cpumphreysl8@123-reg.co.uk,Female
766,Lorain,Redon,lredonl9@ocn.ne.jp,Female
767,Frederik,Ethelston,fethelstonla@mediafire.com,Male
768,Drugi,Corneliussen,dcorneliussenlb@discovery.com,Polygender
769,Michal,Pawlick,mpawlicklc@example.com,Female
770,Oren,Syseland,osyselandld@cdc.gov,Male
771,Jacinthe,Roskilly,jroskillyle@nsw.gov.au,Female
772,Conrado,Sancho,csancholf@posterous.com,Male
773,Ricardo,Eason,reasonlg@webmd.com,Male
774,Saxe,Roome,sroomelh@flavors.me,Male
775,Tessie,Oglevie,toglevieli@smh.com.au,Female
776,Colman,Matusson,cmatussonlj@archive.org,Non-binary
777,Joell,Matovic,jmatoviclk@paypal.com,Female
778,Jemie,McCart,jmccartll@tripadvisor.com,Female
779,Zorina,Grebert,zgrebertlm@hexun.com,Female
780,Sargent,Brannon,sbrannonln@deliciousdays.com,Male
781,Lorry,Palfrey,lpalfreylo@storify.com,Male
782,Roberto,Corry,rcorrylp@walmart.com,Male
783,Ranice,Tumbridge,rtumbridgelq@mail.ru,Female
784,Deerdre,Englishby,denglishbylr@yelp.com,Female
785,Jana,Blair,jblairls@ted.com,Female
786,Rosalind,Macenzy,rmacenzylt@indiatimes.com,Female
787,Zara,Bucknill,zbucknilllu@ed.gov,Agender
788,Templeton,Manuaud,tmanuaudlv@usatoday.com,Male
789,Lane,Mauro,lmaurolw@un.org,Male
790,Tessie,Chadband,tchadbandlx@alexa.com,Female
791,Patricia,Keast,pkeastly@slate.com,Female
792,Melessa,Flaverty,mflavertylz@artisteer.com,Female
793,Dionisio,Sinnock,dsinnockm0@infoseek.co.jp,Male
794,Brunhilde,Scothorne,bscothornem1@cpanel.net,Female
795,Chen,Shwenn,cshwennm2@kickstarter.com,Male
796,Beverie,Beare,bbearem3@soup.io,Female
797,Dennison,Fansy,dfansym4@icq.com,Male
798,Kermie,Hinkens,khinkensm5@irs.gov,Male
799,Peta,Grisley,pgrisleym6@icq.com,Female
800,Jeffie,Divis,jdivism7@adobe.com,Polygender
801,Sinclare,McIlory,smcilorym8@cisco.com,Male
802,Datha,Smales,dsmalesm9@cyberchimps.com,Female
803,Hilton,De Caville,hdecavillema@squidoo.com,Male
804,Tomi,Battison,tbattisonmb@fastcompany.com,Female
805,Berny,Doulden,bdouldenmc@cnbc.com,Male
806,Burch,Kleewein,bkleeweinmd@shareasale.com,Male
807,Drona,MacKeeg,dmackeegme@uiuc.edu,Female
808,Jimmy,Lockhurst,jlockhurstmf@psu.edu,Male
809,Sisile,Bensusan,sbensusanmg@delicious.com,Female
810,Lion,Tomkins,ltomkinsmh@mail.ru,Male
811,Alvinia,Ritson,aritsonmi@europa.eu,Female
812,Alfie,Jimenez,ajimenezmj@smugmug.com,Female
813,Cherie,Alexsandrov,calexsandrovmk@facebook.com,Female
814,Francyne,Ogbourne,fogbourneml@addtoany.com,Female
815,Aloisia,Smalcombe,asmalcombemm@canalblog.com,Female
816,Deerdre,Nicholl,dnichollmn@mayoclinic.com,Female
817,Elliott,Childrens,echildrensmo@creativecommons.org,Polygender
818,Nyssa,Lubman,nlubmanmp@buzzfeed.com,Female
819,Mariel,Byk,mbykmq@reuters.com,Female
820,Wynn,Payfoot,wpayfootmr@jigsy.com,Male
821,Dewitt,Malim,dmalimms@japanpost.jp,Male
822,Geno,Merrin,gmerrinmt@blogtalkradio.com,Male
823,Darrel,Copcutt,dcopcuttmu@mediafire.com,Male
824,Rosaline,Hebblethwaite,rhebblethwaitemv@deviantart.com,Genderfluid
825,Walsh,Collinson,wcollinsonmw@unblog.fr,Male
826,Terrell,Espinosa,tespinosamx@ebay.com,Male
827,Silvanus,Ferras,sferrasmy@slideshare.net,Male
828,Emilie,Delagua,edelaguamz@cnbc.com,Female
829,Kain,Gambrell,kgambrelln0@nasa.gov,Male
830,Angelo,Paulisch,apaulischn1@cocolog-nifty.com,Male
831,Garek,Gianolini,ggianolinin2@php.net,Male
832,Carmen,Merner,cmernern3@thetimes.co.uk,Female
833,Rosabella,McKeighen,rmckeighenn4@sphinn.com,Female
834,Nevile,Cockburn,ncockburnn5@mtv.com,Male
835,Cassandra,Halbert,chalbertn6@tinyurl.com,Female
836,Gene,Batman,gbatmann7@guardian.co.uk,Male
837,Clari,Laboune,clabounen8@reuters.com,Female
838,Aloin,Wrathmell,awrathmelln9@indiatimes.com,Male
839,Risa,Smaile,rsmailena@ca.gov,Female
840,Tomkin,Mackstead,tmacksteadnb@boston.com,Male
841,Field,Sperling,fsperlingnc@wordpress.com,Male
842,Roobbie,Bysaker,rbysakernd@smh.com.au,Female
843,Anjanette,O'Corrane,aocorranene@google.nl,Female
844,Ivonne,Sagg,isaggnf@scientificamerican.com,Female
845,Rosetta,Ghidelli,rghidelling@wunderground.com,Female
846,Matthiew,Frear,mfrearnh@bluehost.com,Male
847,Shurwood,Clohissy,sclohissyni@utexas.edu,Male
848,Kathie,Gason,kgasonnj@godaddy.com,Female
849,Maude,Stonbridge,mstonbridgenk@reference.com,Female
850,Benn,Tegeller,btegellernl@lulu.com,Male
851,Madelene,Setterington,msetteringtonnm@nymag.com,Female
852,Rorke,Husby,rhusbynn@webmd.com,Male
853,Shena,Darkott,sdarkottno@telegraph.co.uk,Female
854,Armstrong,Antoszewski,aantoszewskinp@4shared.com,Male
855,Felice,Coram,fcoramnq@prweb.com,Male
856,Consolata,Garham,cgarhamnr@howstuffworks.com,Female
857,Cecil,Lawrie,clawriens@intel.com,Male
858,Gannon,Kellett,gkellettnt@mit.edu,Male
859,Winthrop,Dessant,wdessantnu@goo.ne.jp,Male
860,Denise,Blackboro,dblackboronv@ftc.gov,Female
861,Phillis,Ahlf,pahlfnw@live.com,Female
862,Wolfgang,Grelik,wgreliknx@joomla.org,Male
863,Teddy,Caherny,tcahernyny@github.com,Female
864,Coleen,Ripping,crippingnz@desdev.cn,Agender
865,Kile,Scrammage,kscrammageo0@vkontakte.ru,Male
866,Ernestine,Willacot,ewillacoto1@mediafire.com,Female
867,Egan,Burnard,eburnardo2@acquirethisname.com,Male
868,Nora,Gerrets,ngerretso3@ox.ac.uk,Female
869,Lindy,McClaurie,lmcclaurieo4@usgs.gov,Male
870,Enrichetta,Gavagan,egavagano5@miitbeian.gov.cn,Female
871,Cathleen,Fassam,cfassamo6@mapquest.com,Female
872,Buck,MacCaffery,bmaccafferyo7@xinhuanet.com,Male
873,Evania,Waddell,ewaddello8@exblog.jp,Female
874,Anton,Verrico,averricoo9@themeforest.net,Male
875,Kassia,Kauscher,kkauscheroa@blogtalkradio.com,Female
876,Lucia,McQuillen,lmcquillenob@youtu.be,Female
877,Beauregard,Hardy-Piggin,bhardypigginoc@youtube.com,Male
878,Terrie,Joret,tjoretod@nbcnews.com,Female
879,Fairleigh,Tackle,ftackleoe@squidoo.com,Male
880,Ethelda,Infante,einfanteof@cafepress.com,Female
881,Radcliffe,Normanville,rnormanvilleog@cbc.ca,Male
882,Meryl,Fernandez,mfernandezoh@wired.com,Genderfluid
883,Phip,Congram,pcongramoi@imageshack.us,Male
884,Merrile,Pfertner,mpfertneroj@house.gov,Female
885,Zacherie,Cuberley,zcuberleyok@tumblr.com,Male
886,Elisabeth,Wain,ewainol@fotki.com,Female
887,Jemima,Bicksteth,jbickstethom@princeton.edu,Female
888,Ferdy,Guiu,fguiuon@sciencedirect.com,Male
889,Bayard,Fawlkes,bfawlkesoo@cam.ac.uk,Male
890,Conrad,Boydon,cboydonop@netvibes.com,Male
891,Teodoro,Stanner,tstanneroq@wikispaces.com,Male
892,Hildagarde,Blasius,hblasiusor@ft.com,Female
893,Suzanna,Artindale,sartindaleos@unblog.fr,Female
894,Devlen,Melby,dmelbyot@mediafire.com,Male
895,Dawn,Beazey,dbeazeyou@spotify.com,Female
896,Veronike,Nayer,vnayerov@washington.edu,Female
897,Theodosia,Lamp,tlampow@imageshack.us,Female
898,Giraud,Follacaro,gfollacaroox@mit.edu,Male
899,Loutitia,Maffucci,lmaffuccioy@amazon.co.jp,Female
900,Electra,Bettlestone,ebettlestoneoz@skyrock.com,Female
901,Claudio,Cicchitello,ccicchitellop0@behance.net,Male
902,Buiron,Rochell,brochellp1@cnbc.com,Male
903,Braden,Rykert,brykertp2@php.net,Male
904,Ellen,Blackmore,eblackmorep3@mac.com,Female
905,Garvey,Cogar,gcogarp4@hugedomains.com,Male
906,Sylvester,Browning,sbrowningp5@yale.edu,Male
907,Sydney,McIlvoray,smcilvorayp6@elpais.com,Female
908,Xena,Thuillier,xthuillierp7@wiley.com,Female
909,Vilhelmina,Krolle,vkrollep8@blogspot.com,Female
910,Gorden,Seeney,gseeneyp9@usgs.gov,Male
911,Daisie,Mewett,dmewettpa@indiatimes.com,Female
912,Carl,Phorsby,cphorsbypb@addthis.com,Male
913,Jarid,Dominico,jdominicopc@cnbc.com,Male
914,Camile,Fahey,cfaheypd@google.co.jp,Female
915,Becka,Deboy,bdeboype@dedecms.com,Female
916,Jacklyn,Brazel,jbrazelpf@webeden.co.uk,Female
917,Winny,Magister,wmagisterpg@nationalgeographic.com,Female
918,Raf,Kropp,rkroppph@wix.com,Female
919,Bastian,Ledwitch,bledwitchpi@businessinsider.com,Male
920,Kasper,Weedenburg,kweedenburgpj@stumbleupon.com,Male
921,Fulvia,Jurn,fjurnpk@comcast.net,Female
922,Joyous,Screech,jscreechpl@redcross.org,Female
923,Lisle,Liston,llistonpm@sogou.com,Genderfluid
924,Currie,Lunbech,clunbechpn@oracle.com,Male
925,Moshe,Kovelmann,mkovelmannpo@amazonaws.com,Male
926,Lauretta,Angrock,langrockpp@google.de,Female
927,Fulton,Micklewicz,fmicklewiczpq@biglobe.ne.jp,Male
928,Hunt,Arkin,harkinpr@bravesites.com,Male
929,Lulita,Kitman,lkitmanps@newsvine.com,Female
930,Bernice,Leimster,bleimsterpt@blogtalkradio.com,Female
931,Kaia,Scoates,kscoatespu@shutterfly.com,Female
932,Eb,Hurch,ehurchpv@ameblo.jp,Male
933,Marybeth,Lowles,mlowlespw@guardian.co.uk,Female
934,Pam,Jankovic,pjankovicpx@facebook.com,Female
935,Bryon,Tawton,btawtonpy@elegantthemes.com,Genderfluid
936,Ceil,Josovitz,cjosovitzpz@jigsy.com,Female
937,Hazel,Waleworke,hwaleworkeq0@bluehost.com,Genderqueer
938,Frederigo,Piddletown,fpiddletownq1@xing.com,Agender
939,Haroun,Lazenby,hlazenbyq2@wp.com,Male
940,Daffy,Sondland,dsondlandq3@washington.edu,Female
941,Tootsie,Ferenc,tferencq4@wunderground.com,Female
942,Gawain,Juggings,gjuggingsq5@cnet.com,Male
943,Mel,Kemish,mkemishq6@about.com,Genderqueer
944,Alix,Breinlein,abreinleinq7@youtube.com,Male
945,Alma,Djurdjevic,adjurdjevicq8@mediafire.com,Female
946,Debby,Joanaud,djoanaudq9@ca.gov,Female
947,Cecil,Bonhill,cbonhillqa@cocolog-nifty.com,Non-binary
948,Bartholomew,Chimenti,bchimentiqb@upenn.edu,Male
949,Garnette,Bruni,gbruniqc@weibo.com,Female
950,Gerrie,Knipe,gknipeqd@oracle.com,Female
951,Barry,Yackiminie,byackiminieqe@nsw.gov.au,Male
952,Aubry,Shobbrook,ashobbrookqf@chicagotribune.com,Female
953,Joel,Caras,jcarasqg@istockphoto.com,Male
954,Zonda,Tiesman,ztiesmanqh@zdnet.com,Non-binary
955,Madalyn,Denziloe,mdenziloeqi@trellian.com,Non-binary
956,Jillana,Teague,jteagueqj@1688.com,Female
957,Dorise,Edmeads,dedmeadsqk@google.ca,Female
958,Laure,Inworth,linworthql@sourceforge.net,Female
959,Zaneta,Belding,zbeldingqm@multiply.com,Female
960,Andrew,Annets,aannetsqn@51.la,Male
961,Andras,Rainville,arainvilleqo@independent.co.uk,Male
962,Tamarra,McElane,tmcelaneqp@unblog.fr,Female
963,Dillie,Stang-Gjertsen,dstanggjertsenqq@washington.edu,Male
964,Gabriella,Lancetter,glancetterqr@twitpic.com,Female
965,Jory,Peert,jpeertqs@purevolume.com,Male
966,Waylen,Lemme,wlemmeqt@weibo.com,Male
967,Jaquenette,Baldry,jbaldryqu@pcworld.com,Female
968,Ogdan,Keneleyside,okeneleysideqv@cisco.com,Male
969,Ardra,Pretley,apretleyqw@ehow.com,Female
970,Trefor,Kitman,tkitmanqx@craigslist.org,Male
971,Marylou,Colbeck,mcolbeckqy@reverbnation.com,Female
972,Ignazio,Mateus,imateusqz@sakura.ne.jp,Male
973,Win,Plan,wplanr0@harvard.edu,Male
974,Sharla,McDarmid,smcdarmidr1@gov.uk,Female
975,Wiley,Forsdike,wforsdiker2@npr.org,Male
976,Sherman,Varty,svartyr3@newsvine.com,Male
977,Tina,Brittlebank,tbrittlebankr4@163.com,Female
978,Herrick,McCloughen,hmccloughenr5@creativecommons.org,Male
979,Dan,Seed,dseedr6@biblegateway.com,Male
980,Margette,Retchford,mretchfordr7@so-net.ne.jp,Female
981,Colleen,Kowalski,ckowalskir8@macromedia.com,Female
982,Eveline,Samways,esamwaysr9@businessinsider.com,Genderfluid
983,Hillard,Bugbird,hbugbirdra@boston.com,Male
984,Erie,Slany,eslanyrb@admin.ch,Male
985,Verena,Skade,vskaderc@skyrock.com,Female
986,Dion,Paoletto,dpaolettord@netvibes.com,Genderfluid
987,Davina,Dodamead,ddodameadre@dell.com,Female
988,Glenna,Yeatman,gyeatmanrf@typepad.com,Female
989,Harry,Ceeley,hceeleyrg@wired.com,Male
990,Jori,Coppin,jcoppinrh@home.pl,Female
991,Joletta,Bastian,jbastianri@msu.edu,Female
992,Marietta,Arrigucci,marriguccirj@nasa.gov,Female
993,Elane,MacIlhargy,emacilhargyrk@imgur.com,Polygender
994,Jard,Longcake,jlongcakerl@tinypic.com,Male
995,Anson,Poolman,apoolmanrm@wsj.com,Agender
996,Ozzy,Pancoast,opancoastrn@narod.ru,Genderqueer
997,Zachery,Lennie,zlenniero@cdbaby.com,Male
998,Allix,Shipperbottom,ashipperbottomrp@jimdo.com,Female
999,Riki,Weich,rweichrq@aboutads.info,Female
1000,Sanson,Hartop,shartoprr@rakuten.co.jp,Male
